rodada;tabela;linhas;colunas;celulas
1;tabela_alertas_conteudo;21;9;189
1;tabela_calendario;0;6;0
1;tabela_estat_disciplinas;7;7;49
1;tabela_evolucao_disciplinas;5;6;30
1;tabela_evolucao_topicos;20;7;140
1;tabela_fracos;19;6;114
1;tabela_gamificacao_conquistas;24;5;120
1;tabela_gamificacao_eventos;12;4;48
1;tabela_mapa_disciplinas;7;7;49
1;tabela_mapa_dominio;76;7;532
1;tabela_minha_evolucao;0;6;0
1;tabela_minha_evolucao_topicos;0;6;0
1;tabela_pendentes;7;9;63
1;tabela_previsao_cenarios;3;6;18
1;tabela_progresso_disciplinas;7;7;49
1;tabela_progresso_topicos;76;8;608
1;tabela_questoes;4048;11;44528
1;tabela_recentes;20;6;120
1;tabela_regularidade_semanas;8;10;80
1;tabela_relatorio_diario;9;5;45
1;tabela_relatorio_disciplinas;5;6;30
1;tabela_relatorio_estrategico_disciplinas;7;6;42
1;tabela_relatorio_topicos;18;8;144
1;tabela_resumo_dia;0;6;0
1;tabela_sessao;0;7;0
1;tabela_topicos;0;9;0
2;tabela_alertas_conteudo;21;9;189
2;tabela_calendario;0;6;0
2;tabela_estat_disciplinas;7;7;49
2;tabela_evolucao_disciplinas;5;6;30
2;tabela_evolucao_topicos;20;7;140
2;tabela_fracos;19;6;114
2;tabela_gamificacao_conquistas;24;5;120
2;tabela_gamificacao_eventos;12;4;48
2;tabela_mapa_disciplinas;7;7;49
2;tabela_mapa_dominio;76;7;532
2;tabela_minha_evolucao;0;6;0
2;tabela_minha_evolucao_topicos;0;6;0
2;tabela_pendentes;7;9;63
2;tabela_previsao_cenarios;3;6;18
2;tabela_progresso_disciplinas;7;7;49
2;tabela_progresso_topicos;76;8;608
2;tabela_questoes;4048;11;44528
2;tabela_recentes;20;6;120
2;tabela_regularidade_semanas;8;10;80
2;tabela_relatorio_diario;9;5;45
2;tabela_relatorio_disciplinas;5;6;30
2;tabela_relatorio_estrategico_disciplinas;7;6;42
2;tabela_relatorio_topicos;18;8;144
2;tabela_resumo_dia;0;6;0
2;tabela_sessao;0;7;0
2;tabela_topicos;0;9;0
