modo;rodada;imports_e_bootstrap_ms;qapplication_ms;construtor_dashboard_tema_ms;preload_total_ms;dashboard_ms;disciplinas_ms;central_ms;resumo_ms;calendario_ms;sessao_ms;estatisticas_ms;relatorios_ms;finalizacao_ms;show_primeiro_paint_ms;total_interno_ate_paint_ms;wall_process_ms
futurista;1;862.738;18.514;566.775;109934.615;21290.477;52.598;1048.877;30.665;2873.763;17.424;79922.842;4694.442;2.569;106.979;111494.685;112832.007
futurista;2;395.44;17.39;512.386;109698.936;21184.056;54.129;1043.152;30.059;2860.911;18.344;79866.347;4638.72;2.357;105.633;110734.926;111911.975
futurista;3;384.208;17.677;546.014;109845.21;21267.066;53.761;1064.699;30.341;2861.899;16.93;79899.353;4647.952;2.388;104.558;110902.405;112050.477
claro;1;410.786;18.244;436.358;123687.136;21346.999;54.179;1063.9;30.051;2875.806;16.525;93394.558;4901.802;2.473;105.785;124663.207;125894.56
claro;2;423.474;20.53;487.864;123856.935;22076.136;56.385;1106.344;31.073;2973.429;16.506;92679.807;4912.306;3.221;94.136;124888.247;126113.153
claro;3;414.11;18.457;433.742;125371.542;22601.905;52.48;1118.151;32.353;3004.713;17.213;93579.724;4961.781;2.41;99.72;126342.634;127665.99
sem_qss;1;441.45;18.307;338.573;124225.526;22116.132;54.248;1114.109;15.596;3086.837;5.975;93036.186;4792.639;2.926;83.836;125112.547;126257.758
sem_qss;2;414.355;19.087;343.955;124720.83;22794.118;46.81;1065.905;14.459;3046.924;4.987;93121.249;4622.683;2.685;77.013;125580.187;126694.324
sem_qss;3;384.868;19.664;352.147;124060.05;23043.131;47.314;1491.11;13.096;2850.381;4.277;91802.906;4804.522;2.468;79.964;124902.109;133910.969
