token,familia,nivel,tipo,consumidores,temas,estado,valor_claro,valor_escuro,valor_futurista,quantidade_de_usos,classificacao,observacao
canvas.app,canvas,semantic,color,—,Claro; Escuro; Futurista,normal/não específico,#F5F7FA,#101722,#0B111D,0,semântico global; token atualmente não consumido; token provisório,Nenhuma referência literal em código de produção fora de ui/design.
canvas.dialog,canvas,semantic,color,—,Claro; Escuro; Futurista,normal/não específico,#FFFFFF,#182230,#0D1D2D,0,semântico global; token atualmente não consumido; token provisório,Nenhuma referência literal em código de produção fora de ui/design.
canvas.inset,canvas,semantic,color,tema.py:18826,Claro; Escuro; Futurista,normal/não específico,#EEF2F7,#111827,#0B1724,1,semântico global,Sem ressalva específica nesta auditoria.
surface.primary,surface,semantic,color,tema.py:8809; tema.py:8867; tema.py:15824; tema.py:18800; tema.py:18913; tema.py:18918,Claro; Escuro; Futurista,normal/não específico,#FFFFFF,#172434,#0D1D2D,6,semântico global,Sem ressalva específica nesta auditoria.
surface.secondary,surface,semantic,color,tema.py:8835; tema.py:8855; tema.py:15850; tema.py:15870; tema.py:15882; tema.py:19258; tema.py:19278,Claro; Escuro; Futurista,normal/não específico,#FFFFFF,#121E2D,#0A192B,7,semântico global,Sem ressalva específica nesta auditoria.
surface.tertiary,surface,semantic,color,tema.py:8845; tema.py:15860; tema.py:15876,Claro; Escuro; Futurista,normal/não específico,#F7F8FB,#182535,#0C1A29,3,semântico global,Sem ressalva específica nesta auditoria.
surface.elevated,surface,semantic,color,tema.py:8826; tema.py:15841; tema.py:19249,Claro; Escuro; Futurista,normal/não específico,#FFFFFF,#172434,#102238,3,semântico global,Sem ressalva específica nesta auditoria.
surface.inset,surface,semantic,color,tema.py:8861; tema.py:8873; tema.py:15888; tema.py:19357,Claro; Escuro; Futurista,normal/não específico,#EEF1F6,#101A28,#0A1726,4,semântico global,Sem ressalva específica nesta auditoria.
surface.hover,surface,semantic,color,tema.py:8886; tema.py:15901; tema.py:19369,Claro; Escuro; Futurista,hover,#AEB7C6,#586B84,#4D82AE,3,semântico global,Sem ressalva específica nesta auditoria.
surface.pressed,surface,semantic,color,—,Claro; Escuro; Futurista,pressed,#EEF2F7,#151F2C,#14283B,0,semântico global; token atualmente não consumido; token provisório,Nenhuma referência literal em código de produção fora de ui/design.
surface.selected,surface,semantic,color,tema.py:8840; tema.py:15855; tema.py:19263,Claro; Escuro; Futurista,selected,#EEEAFF,#39336E,#234766,3,semântico global,Sem ressalva específica nesta auditoria.
surface.disabled,surface,semantic,color,—,Claro; Escuro; Futurista,disabled,#F1F5F9,#172033,#101F30,0,semântico global; token atualmente não consumido; token provisório,Nenhuma referência literal em código de produção fora de ui/design.
surface.interactive,surface,semantic,color,tema.py:8880; tema.py:15895; tema.py:19363,Claro; Escuro; Futurista,normal/não específico,#C3CAD6,#42536A,#365F86,3,semântico global,Sem ressalva específica nesta auditoria.
surface.inverse,surface,semantic,color,tema.py:8552; tema.py:15567; tema.py:18954,Claro; Escuro; Futurista,normal/não específico,#111827,#F8FAFC,#102235,3,semântico global,Sem ressalva específica nesta auditoria.
surface.focused,surface,semantic,color,tema.py:18821,Claro; Escuro; Futurista,focused,#FFFFFF,#172434,#102436,1,semântico global,Sem ressalva específica nesta auditoria.
text.primary,text,semantic,color,tema.py:8394; tema.py:15416; tema.py:18762,Claro; Escuro; Futurista,normal/não específico,#1F2937,#E5E7EB,#D8EEFF,3,semântico global,Sem ressalva específica nesta auditoria.
text.secondary,text,semantic,color,tema.py:8836; tema.py:15851; tema.py:19259,Claro; Escuro; Futurista,normal/não específico,#20293A,#E6EBF3,#E7F3FF,3,semântico global,Sem ressalva específica nesta auditoria.
text.muted,text,semantic,color,tema.py:8862; tema.py:15877; tema.py:19285,Claro; Escuro; Futurista,normal/não específico,#68758D,#96A3B6,#91ABC0,3,semântico global,Sem ressalva específica nesta auditoria.
text.disabled,text,semantic,color,tema.py:8409; tema.py:15431; tema.py:18778,Claro; Escuro; Futurista,disabled,#94A3B8,#64748B,#638097,3,semântico global,Sem ressalva específica nesta auditoria.
text.inverse,text,semantic,color,tema.py:15568,Claro; Escuro; Futurista,normal/não específico,#FFFFFF,#111827,#07111E,1,semântico global,Sem ressalva específica nesta auditoria.
text.link,text,semantic,color,tema.py:8868; tema.py:15883; tema.py:19296,Claro; Escuro; Futurista,normal/não específico,#5A49CF,#BDB3FF,#D9FCFF,3,semântico global,Sem ressalva específica nesta auditoria.
text.on_action,text,semantic,color,tema.py:8553; tema.py:15829; tema.py:15856; tema.py:18806; tema.py:19237; tema.py:19264,Claro; Escuro; Futurista,normal/não específico,#FFFFFF,#FFFFFF,#FFFFFF,6,semântico global,Sem ressalva específica nesta auditoria.
text.on_feedback,text,semantic,color,—,Claro; Escuro; Futurista,normal/não específico,#1F2937,#F8FAFC,#EAF7FF,0,semântico global; token atualmente não consumido; token provisório,Nenhuma referência literal em código de produção fora de ui/design.
text.control,text,semantic,color,tema.py:8810; tema.py:8814; tema.py:8827; tema.py:15825; tema.py:15842; tema.py:18955; tema.py:19233,Claro; Escuro; Futurista,normal/não específico,#182033,#EDF1F7,#EEF9FF,7,semântico global,Sem ressalva específica nesta auditoria.
text.selected,text,semantic,color,tema.py:8841,Claro; Escuro; Futurista,selected,#2D246F,#FFFFFF,#FFFFFF,1,semântico global,Sem ressalva específica nesta auditoria.
text.choice,text,semantic,color,tema.py:18904,Claro; Escuro; Futurista,normal/não específico,#1F2937,#E5E7EB,#D9ECFF,1,semântico global,Sem ressalva específica nesta auditoria.
text.header,text,semantic,color,tema.py:8846; tema.py:15861; tema.py:19269,Claro; Escuro; Futurista,normal/não específico,#4F5B70,#C8D0DD,#B7CEDE,3,semântico global,Sem ressalva específica nesta auditoria.
text.interactive_hover,text,semantic,color,tema.py:18770,Claro; Escuro; Futurista,hover,#1F2937,#E5E7EB,#F4FBFF,1,semântico global,Sem ressalva específica nesta auditoria.
text.selection_accent,text,semantic,color,tema.py:8829; tema.py:15844; tema.py:19252,Claro; Escuro; Futurista,normal/não específico,#342A88,#FFFFFF,#FFFFFF,3,semântico global,Sem ressalva específica nesta auditoria.
text.control_subtle,text,semantic,color,tema.py:18801,Claro; Escuro; Futurista,normal/não específico,#182033,#EDF1F7,#E7F5FF,1,semântico global,Sem ressalva específica nesta auditoria.
text.readonly,text,semantic,color,tema.py:18827,Claro; Escuro; Futurista,normal/não específico,#64748B,#94A3B8,#9CB4C8,1,semântico global,Sem ressalva específica nesta auditoria.
text.popup,text,semantic,color,tema.py:19250,Claro; Escuro; Futurista,normal/não específico,#182033,#EDF1F7,#EEF8FF,1,semântico global,Sem ressalva específica nesta auditoria.
border.default,border,semantic,color,tema.py:8811; tema.py:8830; tema.py:15826; tema.py:15845; tema.py:19234; tema.py:19253,Claro; Escuro; Futurista,normal/não específico,#CBD3DF,#40536A,#40668B,6,semântico global,Sem ressalva específica nesta auditoria.
border.subtle,border,semantic,color,tema.py:8837; tema.py:8856; tema.py:15852; tema.py:15871; tema.py:19260; tema.py:19279,Claro; Escuro; Futurista,normal/não específico,#D5DCE8,#314357,#305474,6,semântico global,Sem ressalva específica nesta auditoria.
border.strong,border,semantic,color,tema.py:8395; tema.py:15417; tema.py:18763,Claro; Escuro; Futurista,normal/não específico,#CBD5E1,#475569,#386688,3,semântico global,Sem ressalva específica nesta auditoria.
border.hover,border,semantic,color,tema.py:8401; tema.py:15423; tema.py:18769,Claro; Escuro; Futurista,hover,#94A3B8,#64748B,#58A6D3,3,semântico global,Sem ressalva específica nesta auditoria.
border.active,border,semantic,color,tema.py:18774,Claro; Escuro; Futurista,normal/não específico,#7882E8,#7882E8,#4B88B0,1,semântico global,Sem ressalva específica nesta auditoria.
border.selected,border,semantic,color,tema.py:18956,Claro; Escuro; Futurista,selected,#7882E8,#747FE9,#4D88B4,1,semântico global,Sem ressalva específica nesta auditoria.
border.disabled,border,semantic,color,tema.py:8411; tema.py:15433; tema.py:18779,Claro; Escuro; Futurista,disabled,#E2E8F0,#334155,#28465D,3,semântico global,Sem ressalva específica nesta auditoria.
border.focus,border,semantic,color,tema.py:18820,Claro; Escuro; Futurista,normal/não específico,#5965D8,#7882E8,#70C6E8,1,semântico global,Sem ressalva específica nesta auditoria.
border.control_subtle,border,semantic,color,tema.py:18802,Claro; Escuro; Futurista,normal/não específico,#CBD3DF,#40536A,#355F82,1,semântico global,Sem ressalva específica nesta auditoria.
border.control_hover,border,semantic,color,tema.py:18813,Claro; Escuro; Futurista,hover,#CBD3DF,#40536A,#4F8EBD,1,semântico global,Sem ressalva específica nesta auditoria.
border.divider,border,semantic,color,tema.py:8848; tema.py:15863; tema.py:19271,Claro; Escuro; Futurista,normal/não específico,#E4E8EF,#2D3E52,#284965,3,semântico global,Sem ressalva específica nesta auditoria.
border.divider_strong,border,semantic,color,tema.py:8849; tema.py:15864; tema.py:19272,Claro; Escuro; Futurista,normal/não específico,#DCE2EB,#40536A,#346080,3,semântico global,Sem ressalva específica nesta auditoria.
border.grid,border,semantic,color,tema.py:8839; tema.py:15854; tema.py:19262,Claro; Escuro; Futurista,normal/não específico,#EDF0F5,#25364A,#20394F,3,semântico global,Sem ressalva específica nesta auditoria.
border.control_indicator,border,semantic,color,tema.py:18914; tema.py:18919,Claro; Escuro; Futurista,normal/não específico,#CBD5E1,#475569,#5A8BB1,2,semântico global,Sem ressalva específica nesta auditoria.
border.checked,border,semantic,color,tema.py:18925,Claro; Escuro; Futurista,checked,#3B82F6,#60A5FA,#7FD5EF,1,semântico global,Sem ressalva específica nesta auditoria.
action.primary,action,semantic,color,—,Claro; Escuro; Futurista,normal/não específico,#5965D8,#5965D8,#4447E8,0,semântico global; token atualmente não consumido; token provisório,Nenhuma referência literal em código de produção fora de ui/design.
action.primary_hover,action,semantic,color,—,Claro; Escuro; Futurista,hover,#595EE8,#6579EC,#5355F2,0,semântico global; token atualmente não consumido; token provisório,Nenhuma referência literal em código de produção fora de ui/design.
action.primary_pressed,action,semantic,color,—,Claro; Escuro; Futurista,pressed,#4B50DF,#4B50DF,#3C42D2,0,semântico global; token atualmente não consumido; token provisório,Nenhuma referência literal em código de produção fora de ui/design.
action.primary_disabled,action,semantic,color,—,Claro; Escuro; Futurista,disabled,#94A3B8,#475569,#46566A,0,semântico global; token atualmente não consumido; token provisório,Nenhuma referência literal em código de produção fora de ui/design.
action.secondary,action,semantic,color,tema.py:8393; tema.py:15415; tema.py:18761,Claro; Escuro; Futurista,normal/não específico,#FFFFFF,#1F2937,#11253A,3,semântico global,Sem ressalva específica nesta auditoria.
action.secondary_hover,action,semantic,color,tema.py:8400; tema.py:15422; tema.py:18768,Claro; Escuro; Futurista,hover,#F1F5F9,#273449,#17314B,3,semântico global,Sem ressalva específica nesta auditoria.
action.secondary_pressed,action,semantic,color,tema.py:8405; tema.py:15427; tema.py:18773,Claro; Escuro; Futurista,pressed,#E2E8F0,#334155,#0F2235,3,semântico global,Sem ressalva específica nesta auditoria.
action.secondary_disabled,action,semantic,color,tema.py:8410; tema.py:15432; tema.py:18777,Claro; Escuro; Futurista,disabled,#F8FAFC,#172033,#0D1827,3,semântico global,Sem ressalva específica nesta auditoria.
action.ghost,action,semantic,color,tema.py:4756; tema.py:4778; tema.py:4853; tema.py:4855; tema.py:4867; tema.py:4898; tema.py:4920; tema.py:4995; tema.py:4997; tema.py:5009; tema.py:5040; tema.py:5062; tema.py:5137; tema.py:5139; tema.py:5151; tema.py:5228; tema.py:5246; tema.py:5252; tema.py:5258; tema.py:5273; tema.py:8893; tema.py:12246; tema.py:12264; tema.py:12270; tema.py:12276; tema.py:12291; tema.py:15908; tema.py:19376,Claro; Escuro; Futurista,normal/não específico,transparent,transparent,transparent,28,semântico global,Sem ressalva específica nesta auditoria.
action.ghost_hover,action,semantic,color,tema.py:8828; tema.py:15843; tema.py:19251,Claro; Escuro; Futurista,hover,#EDEAFF,#3B356F,#27496D,3,semântico global,Sem ressalva específica nesta auditoria.
action.checked,action,semantic,color,tema.py:18924,Claro; Escuro; Futurista,checked,#2563EB,#2563EB,#2C6FA0,1,semântico global,Sem ressalva específica nesta auditoria.
action.destructive,action,semantic,color,—,Claro; Escuro; Futurista,normal/não específico,#D76676,#D76676,#D96777,0,semântico global; token atualmente não consumido; token provisório,Nenhuma referência literal em código de produção fora de ui/design.
action.destructive_hover,action,semantic,color,—,Claro; Escuro; Futurista,hover,#E18491,#E18491,#E18491,0,semântico global; token atualmente não consumido; token provisório,Nenhuma referência literal em código de produção fora de ui/design.
feedback.success_surface,feedback,semantic,color,—,Claro; Escuro; Futurista,success,#EEF9F4,#173127,#153127,0,semântico global; token atualmente não consumido; token provisório,Nenhuma referência literal em código de produção fora de ui/design.
feedback.success_text,feedback,semantic,color,—,Claro; Escuro; Futurista,success,#173127,#EEF9F4,#EEF9F4,0,semântico global; token atualmente não consumido; token provisório,Nenhuma referência literal em código de produção fora de ui/design.
feedback.success_border,feedback,semantic,color,—,Claro; Escuro; Futurista,success,#64B992,#4EAD80,#4EBA86,0,semântico global; token atualmente não consumido; token provisório,Nenhuma referência literal em código de produção fora de ui/design.
feedback.success_icon,feedback,semantic,color,—,Claro; Escuro; Futurista,success,#4EAD80,#64B992,#64B992,0,semântico global; token atualmente não consumido; token provisório,Nenhuma referência literal em código de produção fora de ui/design.
feedback.warning_surface,feedback,semantic,color,—,Claro; Escuro; Futurista,warning,#FFF8E8,#402827,#402827,0,semântico global; token atualmente não consumido; token provisório,Nenhuma referência literal em código de produção fora de ui/design.
feedback.warning_text,feedback,semantic,color,—,Claro; Escuro; Futurista,warning,#9A6614,#FFF8E8,#FFF8E8,0,semântico global; token atualmente não consumido; token provisório,Nenhuma referência literal em código de produção fora de ui/design.
feedback.warning_border,feedback,semantic,color,—,Claro; Escuro; Futurista,warning,#F0DEB4,#8D554D,#8D554D,0,semântico global; token atualmente não consumido; token provisório,Nenhuma referência literal em código de produção fora de ui/design.
feedback.warning_icon,feedback,semantic,color,—,Claro; Escuro; Futurista,warning,#9A6614,#F0DEB4,#F0DEB4,0,semântico global; token atualmente não consumido; token provisório,Nenhuma referência literal em código de produção fora de ui/design.
feedback.danger_surface,feedback,semantic,color,—,Claro; Escuro; Futurista,danger,#FFF1F3,#351D24,#351C24,0,semântico global; token atualmente não consumido; token provisório,Nenhuma referência literal em código de produção fora de ui/design.
feedback.danger_text,feedback,semantic,color,—,Claro; Escuro; Futurista,danger,#351D24,#FFF1F3,#FFF1F3,0,semântico global; token atualmente não consumido; token provisório,Nenhuma referência literal em código de produção fora de ui/design.
feedback.danger_border,feedback,semantic,color,—,Claro; Escuro; Futurista,danger,#E18491,#D76676,#D96777,0,semântico global; token atualmente não consumido; token provisório,Nenhuma referência literal em código de produção fora de ui/design.
feedback.danger_icon,feedback,semantic,color,—,Claro; Escuro; Futurista,danger,#D76676,#E18491,#E18491,0,semântico global; token atualmente não consumido; token provisório,Nenhuma referência literal em código de produção fora de ui/design.
feedback.info_surface,feedback,semantic,color,—,Claro; Escuro; Futurista,info,#EEF6FF,#17334E,#17334E,0,semântico global; token atualmente não consumido; token provisório,Nenhuma referência literal em código de produção fora de ui/design.
feedback.info_text,feedback,semantic,color,—,Claro; Escuro; Futurista,info,#28679E,#D9F4FF,#D9F4FF,0,semântico global; token atualmente não consumido; token provisório,Nenhuma referência literal em código de produção fora de ui/design.
feedback.info_border,feedback,semantic,color,—,Claro; Escuro; Futurista,info,#D2E6FA,#315D79,#3F7599,0,semântico global; token atualmente não consumido; token provisório,Nenhuma referência literal em código de produção fora de ui/design.
feedback.info_icon,feedback,semantic,color,—,Claro; Escuro; Futurista,info,#28679E,#8FD8FF,#8FD8FF,0,semântico global; token atualmente não consumido; token provisório,Nenhuma referência literal em código de produção fora de ui/design.
focus.ring,focus,semantic,color,tema.py:8822; tema.py:15837; tema.py:19245,Claro; Escuro; Futurista,normal/não específico,#7667E8,#8879F3,#59E3FF,3,semântico global,Sem ressalva específica nesta auditoria.
focus.keyboard,focus,semantic,color,—,Claro; Escuro; Futurista,normal/não específico,#7882E8,#6579EC,#8FD8FF,0,semântico global; token atualmente não consumido; token provisório,Nenhuma referência literal em código de produção fora de ui/design.
icon.default,icon,semantic,color,—,Claro; Escuro; Futurista,normal/não específico,#475569,#CBD5E1,#B6D9E8,0,semântico global; token atualmente não consumido; token provisório,Nenhuma referência literal em código de produção fora de ui/design.
icon.muted,icon,semantic,color,—,Claro; Escuro; Futurista,normal/não específico,#64748B,#94A3B8,#82ABC5,0,semântico global; token atualmente não consumido; token provisório,Nenhuma referência literal em código de produção fora de ui/design.
icon.disabled,icon,semantic,color,—,Claro; Escuro; Futurista,disabled,#94A3B8,#64748B,#55768B,0,semântico global; token atualmente não consumido; token provisório,Nenhuma referência literal em código de produção fora de ui/design.
icon.action,icon,semantic,color,icones.py:23; icones.py:28; icones.py:33,Claro; Escuro; Futurista,normal/não específico,#355874,#BED0E1,#B6D9E8,3,semântico global,Sem ressalva específica nesta auditoria.
icon.highlight,icon,semantic,color,icones.py:24; icones.py:29; icones.py:34,Claro; Escuro; Futurista,normal/não específico,#FFFFFF,#FFFFFF,#FFFFFF,3,semântico global,Sem ressalva específica nesta auditoria.
icon.configuration,icon,semantic,color,icones.py:25; icones.py:30; icones.py:35,Claro; Escuro; Futurista,normal/não específico,#0F3989,#BED0E1,#B6D9E8,3,semântico global,Sem ressalva específica nesta auditoria.
overlay.scrim,overlay,semantic,color,—,Claro; Escuro; Futurista,normal/não específico,#66000000,#66000000,#66000000,0,semântico global; token atualmente não consumido; token provisório,Nenhuma referência literal em código de produção fora de ui/design.
overlay.light,overlay,semantic,color,—,Claro; Escuro; Futurista,normal/não específico,#80FFFFFF,#80FFFFFF,#80FFFFFF,0,semântico global; token atualmente não consumido; token provisório,Nenhuma referência literal em código de produção fora de ui/design.
overlay.dark,overlay,semantic,color,—,Claro; Escuro; Futurista,normal/não específico,#33000000,#33000000,#33000000,0,semântico global; token atualmente não consumido; token provisório,Nenhuma referência literal em código de produção fora de ui/design.
overlay.selection,overlay,semantic,color,tema.py:8813; tema.py:15828; tema.py:19236,Claro; Escuro; Futurista,normal/não específico,#DED9FF,#5549AD,#365E9F,3,semântico global,Sem ressalva específica nesta auditoria.
overlay.selection_subtle,overlay,semantic,color,tema.py:18805,Claro; Escuro; Futurista,normal/não específico,#DED9FF,#5549AD,#285B8D,1,semântico global,Sem ressalva específica nesta auditoria.
glow.primary,glow,semantic,color,—,Claro; Escuro; Futurista,normal/não específico,#335965D8,#335965D8,#757FFF,0,semântico global; token atualmente não consumido; token provisório,Nenhuma referência literal em código de produção fora de ui/design.
glow.focus,glow,semantic,color,—,Claro; Escuro; Futurista,normal/não específico,#335965D8,#7882E8,#8FD8FF,0,semântico global; token atualmente não consumido; token provisório,Nenhuma referência literal em código de produção fora de ui/design.
glow.success,glow,semantic,color,—,Claro; Escuro; Futurista,success,#64B992,#4EAD80,#4EBA86,0,semântico global; token atualmente não consumido; token provisório,Nenhuma referência literal em código de produção fora de ui/design.
glow.danger,glow,semantic,color,—,Claro; Escuro; Futurista,danger,#E18491,#D76676,#D96777,0,semântico global; token atualmente não consumido; token provisório,Nenhuma referência literal em código de produção fora de ui/design.
gradient.action_primary,gradient,semantic,gradient,—,Claro; Escuro; Futurista,normal/não específico,"(0,0)->(1,0); 0:#4B50DF | 1:#586DE3","(0,0)->(1,0); 0:#4B50DF | 1:#586DE3","(0,0)->(1,0); 0:#4447E8 | 0.52:#4347E1 | 1:#3C42D2",0,semântico global; token atualmente não consumido; token provisório,Nenhuma referência literal em código de produção fora de ui/design.
gradient.action_primary_hover,gradient,semantic,gradient,—,Claro; Escuro; Futurista,hover,"(0,0)->(1,0); 0:#595EE8 | 1:#6579EC","(0,0)->(1,0); 0:#595EE8 | 1:#6579EC","(0,0)->(1,0); 0:#5355F2 | 0.52:#4F54EB | 1:#464DDE",0,semântico global; token atualmente não consumido; token provisório,Nenhuma referência literal em código de produção fora de ui/design.
gradient.surface_elevated,gradient,semantic,gradient,—,Claro; Escuro; Futurista,normal/não específico,"(0,0)->(1,1); 0:#FFFFFF | 1:#F8FAFC","(0,0)->(1,1); 0:#273449 | 1:#182230","(0,0)->(1,1); 0:#10283C | 1:#0D1D2D",0,semântico global; token atualmente não consumido; token provisório,Nenhuma referência literal em código de produção fora de ui/design.
gradient.hero,gradient,semantic,gradient,—,Claro; Escuro; Futurista,normal/não específico,"(0,0)->(1,0); 0:#FFFFFF | 1:#F8FAFC","(0,0)->(1,0); 0:#273449 | 1:#182230","(0,0)->(1,0); 0:#10283C | 1:#0D1D2D",0,semântico global; token atualmente não consumido; token provisório,Nenhuma referência literal em código de produção fora de ui/design.
gradient.progress,gradient,semantic,gradient,—,Claro; Escuro; Futurista,normal/não específico,"(0,0)->(1,0); 0:#4B50DF | 1:#586DE3","(0,0)->(1,0); 0:#4B50DF | 1:#586DE3","(0,0)->(1,0); 0:#4447E8 | 0.52:#4347E1 | 1:#3C42D2",0,semântico global; token atualmente não consumido; token provisório,Nenhuma referência literal em código de produção fora de ui/design.
gradient.control_input,gradient,semantic,gradient,tema.py:19232,Claro; Escuro; Futurista,normal/não específico,"(0,0)->(1,1); 0:#FFFFFF | 1:#FFFFFF","(0,0)->(1,1); 0:#172434 | 1:#172434","(0,0)->(1,1); 0:#10253A | 1:#0A1829",1,semântico global,Sem ressalva específica nesta auditoria.
gradient.control_header,gradient,semantic,gradient,tema.py:19268,Claro; Escuro; Futurista,normal/não específico,"(0,0)->(1,0); 0:#F7F8FB | 1:#F7F8FB","(0,0)->(1,0); 0:#182535 | 1:#182535","(0,0)->(1,0); 0:#132C45 | 1:#0C1D31",1,semântico global,Sem ressalva específica nesta auditoria.
gradient.control_tab,gradient,semantic,gradient,tema.py:19284,Claro; Escuro; Futurista,normal/não específico,"(0,0)->(1,0); 0:#EEF1F6 | 1:#EEF1F6","(0,0)->(1,0); 0:#182535 | 1:#182535","(0,0)->(1,0); 0:#132B42 | 1:#0C1D30",1,semântico global,Sem ressalva específica nesta auditoria.
gradient.control_selected,gradient,semantic,gradient,tema.py:19295,Claro; Escuro; Futurista,selected,"(0,0)->(1,0); 0:#FFFFFF | 1:#FFFFFF","(0,0)->(1,0); 0:#121E2D | 1:#121E2D","(0,0)->(1,0); 0:#0E6677 | 1:#323E8E",1,semântico global,Sem ressalva específica nesta auditoria.
answer.normal_surface,answer,component,color,—,Claro; Escuro; Futurista,normal/não específico,#FFFFFF,#151F2C,#111A27,0,componente legitimamente específico; alias conceitual; necessário para preservar diferença visual real; token atualmente não consumido; token provisório,Origem semântica conceitual: surface.primary. Os valores atuais divergem da origem conceitual em pelo menos um tema. Nenhuma referência literal em código de produção fora de ui/design.
answer.normal_border,answer,component,color,—,Claro; Escuro; Futurista,normal/não específico,#E0E6ED,#2F3D4D,#2B3747,0,componente legitimamente específico; alias conceitual; necessário para preservar diferença visual real; token atualmente não consumido; token provisório,Origem semântica conceitual: border.default. Os valores atuais divergem da origem conceitual em pelo menos um tema. Nenhuma referência literal em código de produção fora de ui/design.
answer.normal_text,answer,component,color,—,Claro; Escuro; Futurista,normal/não específico,#1F2937,#F8FAFC,#EAF7FF,0,componente legitimamente específico; alias conceitual; necessário para preservar diferença visual real; token atualmente não consumido; token provisório,Origem semântica conceitual: text.primary. Os valores atuais divergem da origem conceitual em pelo menos um tema. Nenhuma referência literal em código de produção fora de ui/design.
answer.hover_surface,answer,component,color,—,Claro; Escuro; Futurista,hover,#F9FAFC,#192534,#162130,0,componente legitimamente específico; alias conceitual; necessário para preservar diferença visual real; token atualmente não consumido; token provisório,Origem semântica conceitual: surface.hover. Os valores atuais divergem da origem conceitual em pelo menos um tema. Nenhuma referência literal em código de produção fora de ui/design.
answer.hover_border,answer,component,color,—,Claro; Escuro; Futurista,hover,#BEC9D6,#4A5A6E,#46566A,0,componente legitimamente específico; alias conceitual; necessário para preservar diferença visual real; token atualmente não consumido; token provisório,Origem semântica conceitual: border.hover. Os valores atuais divergem da origem conceitual em pelo menos um tema. Nenhuma referência literal em código de produção fora de ui/design.
answer.pressed_surface,answer,component,color,—,Claro; Escuro; Futurista,pressed,#EEF2F7,#151F2C,#14283B,0,componente legitimamente específico; alias conceitual; possível duplicação semântica; poderia reutilizar outro existente; token atualmente não consumido; token provisório,Origem semântica conceitual: surface.pressed. Valores atuais coincidem nos três temas; revisar antes de consolidar. Nenhuma referência literal em código de produção fora de ui/design.
answer.pressed_border,answer,component,color,—,Claro; Escuro; Futurista,pressed,#7882E8,#7882E8,#3F7599,0,componente legitimamente específico; alias conceitual; necessário para preservar diferença visual real; token atualmente não consumido; token provisório,Origem semântica conceitual: border.active. Os valores atuais divergem da origem conceitual em pelo menos um tema. Nenhuma referência literal em código de produção fora de ui/design.
answer.selected_surface,answer,component,color,—,Claro; Escuro; Futurista,selected,#F0F2FF,#1D2440,#1B213A,0,componente legitimamente específico; alias conceitual; necessário para preservar diferença visual real; token atualmente não consumido; token provisório,Origem semântica conceitual: surface.selected. Os valores atuais divergem da origem conceitual em pelo menos um tema. Nenhuma referência literal em código de produção fora de ui/design.
answer.selected_border,answer,component,color,—,Claro; Escuro; Futurista,selected,#7882E8,#747FE9,#757FFF,0,componente legitimamente específico; alias conceitual; necessário para preservar diferença visual real; token atualmente não consumido; token provisório,Origem semântica conceitual: border.selected. Os valores atuais divergem da origem conceitual em pelo menos um tema. Nenhuma referência literal em código de produção fora de ui/design.
answer.selected_text,answer,component,color,—,Claro; Escuro; Futurista,selected,#1F2937,#F8FAFC,#EAF7FF,0,componente legitimamente específico; alias conceitual; necessário para preservar diferença visual real; token atualmente não consumido; token provisório,Origem semântica conceitual: text.primary. Os valores atuais divergem da origem conceitual em pelo menos um tema. Nenhuma referência literal em código de produção fora de ui/design.
answer.focused_border,answer,component,color,—,Claro; Escuro; Futurista,focused,#5965D8,#7882E8,#757FFF,0,componente legitimamente específico; alias conceitual; necessário para preservar diferença visual real; token atualmente não consumido; token provisório,Origem semântica conceitual: border.focus. Os valores atuais divergem da origem conceitual em pelo menos um tema. Nenhuma referência literal em código de produção fora de ui/design.
answer.keyboard_focus_border,answer,component,color,—,Claro; Escuro; Futurista,keyboard_focus,#7882E8,#6579EC,#8FD8FF,0,componente legitimamente específico; alias conceitual; possível duplicação semântica; poderia reutilizar outro existente; token atualmente não consumido; token provisório,Origem semântica conceitual: focus.keyboard. Valores atuais coincidem nos três temas; revisar antes de consolidar. Nenhuma referência literal em código de produção fora de ui/design.
answer.checked_indicator,answer,component,color,—,Claro; Escuro; Futurista,checked,#5965D8,#5965D8,#4447E8,0,componente legitimamente específico; alias conceitual; possível duplicação semântica; poderia reutilizar outro existente; token atualmente não consumido; token provisório,Origem semântica conceitual: action.primary. Valores atuais coincidem nos três temas; revisar antes de consolidar. Nenhuma referência literal em código de produção fora de ui/design.
answer.disabled_surface,answer,component,color,—,Claro; Escuro; Futurista,disabled,#F1F5F9,#172033,#101F30,0,componente legitimamente específico; alias conceitual; possível duplicação semântica; poderia reutilizar outro existente; token atualmente não consumido; token provisório,Origem semântica conceitual: surface.disabled. Valores atuais coincidem nos três temas; revisar antes de consolidar. Nenhuma referência literal em código de produção fora de ui/design.
answer.disabled_border,answer,component,color,—,Claro; Escuro; Futurista,disabled,#E2E8F0,#334155,#2B3747,0,componente legitimamente específico; alias conceitual; necessário para preservar diferença visual real; token atualmente não consumido; token provisório,Origem semântica conceitual: border.disabled. Os valores atuais divergem da origem conceitual em pelo menos um tema. Nenhuma referência literal em código de produção fora de ui/design.
answer.disabled_text,answer,component,color,—,Claro; Escuro; Futurista,disabled,#94A3B8,#64748B,#55768B,0,componente legitimamente específico; alias conceitual; necessário para preservar diferença visual real; token atualmente não consumido; token provisório,Origem semântica conceitual: text.disabled. Os valores atuais divergem da origem conceitual em pelo menos um tema. Nenhuma referência literal em código de produção fora de ui/design.
answer.correct_surface,answer,component,color,—,Claro; Escuro; Futurista,correct,#EEF9F4,#173127,#153127,0,componente legitimamente específico; alias conceitual; possível duplicação semântica; poderia reutilizar outro existente; token atualmente não consumido; token provisório,Origem semântica conceitual: feedback.success_surface. Valores atuais coincidem nos três temas; revisar antes de consolidar. Nenhuma referência literal em código de produção fora de ui/design.
answer.correct_border,answer,component,color,—,Claro; Escuro; Futurista,correct,#64B992,#4EAD80,#4EBA86,0,componente legitimamente específico; alias conceitual; possível duplicação semântica; poderia reutilizar outro existente; token atualmente não consumido; token provisório,Origem semântica conceitual: feedback.success_border. Valores atuais coincidem nos três temas; revisar antes de consolidar. Nenhuma referência literal em código de produção fora de ui/design.
answer.correct_text,answer,component,color,—,Claro; Escuro; Futurista,correct,#173127,#EEF9F4,#EEF9F4,0,componente legitimamente específico; alias conceitual; possível duplicação semântica; poderia reutilizar outro existente; token atualmente não consumido; token provisório,Origem semântica conceitual: feedback.success_text. Valores atuais coincidem nos três temas; revisar antes de consolidar. Nenhuma referência literal em código de produção fora de ui/design.
answer.incorrect_surface,answer,component,color,—,Claro; Escuro; Futurista,incorrect; correct,#FFF1F3,#351D24,#351C24,0,componente legitimamente específico; alias conceitual; possível duplicação semântica; poderia reutilizar outro existente; token atualmente não consumido; token provisório,Origem semântica conceitual: feedback.danger_surface. Valores atuais coincidem nos três temas; revisar antes de consolidar. Nenhuma referência literal em código de produção fora de ui/design.
answer.incorrect_border,answer,component,color,—,Claro; Escuro; Futurista,incorrect; correct,#E18491,#D76676,#D96777,0,componente legitimamente específico; alias conceitual; possível duplicação semântica; poderia reutilizar outro existente; token atualmente não consumido; token provisório,Origem semântica conceitual: feedback.danger_border. Valores atuais coincidem nos três temas; revisar antes de consolidar. Nenhuma referência literal em código de produção fora de ui/design.
answer.incorrect_text,answer,component,color,—,Claro; Escuro; Futurista,incorrect; correct,#351D24,#FFF1F3,#FFF1F3,0,componente legitimamente específico; alias conceitual; possível duplicação semântica; poderia reutilizar outro existente; token atualmente não consumido; token provisório,Origem semântica conceitual: feedback.danger_text. Valores atuais coincidem nos três temas; revisar antes de consolidar. Nenhuma referência literal em código de produção fora de ui/design.
answer.struck_surface,answer,component,color,—,Claro; Escuro; Futurista,struck,#F1F5F9,#172033,#101F30,0,componente legitimamente específico; alias conceitual; possível duplicação semântica; poderia reutilizar outro existente; token atualmente não consumido; token provisório,Origem semântica conceitual: surface.disabled. Valores atuais coincidem nos três temas; revisar antes de consolidar. Nenhuma referência literal em código de produção fora de ui/design.
answer.struck_border,answer,component,color,—,Claro; Escuro; Futurista,struck,#E2E8F0,#334155,#2B3747,0,componente legitimamente específico; alias conceitual; necessário para preservar diferença visual real; token atualmente não consumido; token provisório,Origem semântica conceitual: border.disabled. Os valores atuais divergem da origem conceitual em pelo menos um tema. Nenhuma referência literal em código de produção fora de ui/design.
answer.struck_text,answer,component,color,—,Claro; Escuro; Futurista,struck,#64748B,#94A3B8,#82ABC5,0,componente legitimamente específico; alias conceitual; necessário para preservar diferença visual real; token atualmente não consumido; token provisório,Origem semântica conceitual: text.muted. Os valores atuais divergem da origem conceitual em pelo menos um tema. Nenhuma referência literal em código de produção fora de ui/design.
answer.explanation_surface,answer,component,color,—,Claro; Escuro; Futurista,normal/não específico,#F8FAFC,#172033,#101F30,0,componente legitimamente específico; alias conceitual; necessário para preservar diferença visual real; token atualmente não consumido; token provisório,Origem semântica conceitual: surface.secondary. Os valores atuais divergem da origem conceitual em pelo menos um tema. Nenhuma referência literal em código de produção fora de ui/design.
answer.explanation_text,answer,component,color,—,Claro; Escuro; Futurista,normal/não específico,#475569,#CBD5E1,#B6D9E8,0,componente legitimamente específico; alias conceitual; necessário para preservar diferença visual real; token atualmente não consumido; token provisório,Origem semântica conceitual: text.secondary. Os valores atuais divergem da origem conceitual em pelo menos um tema. Nenhuma referência literal em código de produção fora de ui/design.
answer.editor_surface,answer,component,color,—,Claro; Escuro; Futurista,normal/não específico,#FFFFFF,#182230,#0D1D2D,0,componente legitimamente específico; alias conceitual; necessário para preservar diferença visual real; token atualmente não consumido; token provisório,Origem semântica conceitual: surface.primary. Os valores atuais divergem da origem conceitual em pelo menos um tema. Nenhuma referência literal em código de produção fora de ui/design.
answer.editor_border,answer,component,color,—,Claro; Escuro; Futurista,normal/não específico,#5965D8,#7882E8,#757FFF,0,componente legitimamente específico; alias conceitual; necessário para preservar diferença visual real; token atualmente não consumido; token provisório,Origem semântica conceitual: border.focus. Os valores atuais divergem da origem conceitual em pelo menos um tema. Nenhuma referência literal em código de produção fora de ui/design.
answer.editor_selection,answer,component,color,—,Claro; Escuro; Futurista,normal/não específico,#335965D8,#335965D8,#335965D8,0,componente legitimamente específico; alias conceitual; necessário para preservar diferença visual real; token atualmente não consumido; token provisório,Origem semântica conceitual: overlay.selection. Os valores atuais divergem da origem conceitual em pelo menos um tema. Nenhuma referência literal em código de produção fora de ui/design.
progress.track,progress,component,color,tema.py:18929,Claro; Escuro; Futurista,normal/não específico,#E8EDF3,#111827,#102235,1,componente legitimamente específico; alias conceitual; necessário para preservar diferença visual real,Origem semântica conceitual: surface.inset. Os valores atuais divergem da origem conceitual em pelo menos um tema.
progress.border,progress,component,color,tema.py:18931,Claro; Escuro; Futurista,normal/não específico,#D5DCE8,#314357,#315A7A,1,componente legitimamente específico; alias conceitual; necessário para preservar diferença visual real,Origem semântica conceitual: border.subtle. Os valores atuais divergem da origem conceitual em pelo menos um tema.
progress.fill,progress,component,color,tema.py:18936,Claro; Escuro; Futurista,normal/não específico,#5965D8,#5965D8,#4AA5D3,1,componente legitimamente específico; alias conceitual; necessário para preservar diferença visual real,Origem semântica conceitual: action.primary. Os valores atuais divergem da origem conceitual em pelo menos um tema.
progress.text,progress,component,color,tema.py:18930,Claro; Escuro; Futurista,normal/não específico,#475569,#CBD5E1,#EAF7FF,1,componente legitimamente específico; alias conceitual; necessário para preservar diferença visual real,Origem semântica conceitual: text.secondary. Os valores atuais divergem da origem conceitual em pelo menos um tema.
progress.complete,progress,component,color,—,Claro; Escuro; Futurista,normal/não específico,#4EAD80,#64B992,#64B992,0,componente legitimamente específico; alias conceitual; possível duplicação semântica; poderia reutilizar outro existente; token atualmente não consumido; token provisório,Origem semântica conceitual: feedback.success_icon. Valores atuais coincidem nos três temas; revisar antes de consolidar. Nenhuma referência literal em código de produção fora de ui/design.
progress.warning,progress,component,color,—,Claro; Escuro; Futurista,warning,#9A6614,#F0DEB4,#F0DEB4,0,componente legitimamente específico; alias conceitual; possível duplicação semântica; poderia reutilizar outro existente; token atualmente não consumido; token provisório,Origem semântica conceitual: feedback.warning_icon. Valores atuais coincidem nos três temas; revisar antes de consolidar. Nenhuma referência literal em código de produção fora de ui/design.
calendar.surface,calendar,component,color,tema.py:5222; tema.py:5263; tema.py:5294; tema.py:12240; tema.py:12281; tema.py:12312,Claro; Escuro; Futurista,normal/não específico,#FFFFFF,#182235,#182235,6,componente legitimamente específico; alias conceitual; necessário para preservar diferença visual real,Origem semântica conceitual: surface.primary. Os valores atuais divergem da origem conceitual em pelo menos um tema.
calendar.today_surface,calendar,component,color,main.py:50175,Claro; Escuro; Futurista,today,#DBEAFE,#1E3A8A,#124E68,1,componente legitimamente específico; alias conceitual; necessário para preservar diferença visual real,Origem semântica conceitual: feedback.info_surface. Os valores atuais divergem da origem conceitual em pelo menos um tema.
calendar.today_border,calendar,component,color,tema.py:4788; tema.py:4930; tema.py:5072,Claro; Escuro; Futurista,today,#93C5FD,#1E40AF,#3D9BC5,3,componente legitimamente específico; alias conceitual; necessário para preservar diferença visual real,Origem semântica conceitual: feedback.info_border. Os valores atuais divergem da origem conceitual em pelo menos um tema.
calendar.today_text,calendar,component,color,main.py:50174,Claro; Escuro; Futurista,today,#1D4ED8,#93C5FD,#BDF7FF,1,componente legitimamente específico; alias conceitual; necessário para preservar diferença visual real,Origem semântica conceitual: feedback.info_text. Os valores atuais divergem da origem conceitual em pelo menos um tema.
calendar.selected_surface,calendar,component,color,tema.py:5296; tema.py:12314,Claro; Escuro; Futurista,selected,#2563EB,#2563EB,#2563EB,2,componente legitimamente específico; alias conceitual; necessário para preservar diferença visual real,Origem semântica conceitual: surface.selected. Os valores atuais divergem da origem conceitual em pelo menos um tema.
calendar.selected_text,calendar,component,color,tema.py:5297; tema.py:12315,Claro; Escuro; Futurista,selected,#FFFFFF,#FFFFFF,#FFFFFF,2,componente legitimamente específico; alias conceitual; necessário para preservar diferença visual real; possível duplicação semântica; poderia reutilizar outro existente,Origem semântica conceitual: text.primary. Os valores atuais divergem da origem conceitual em pelo menos um tema. Candidato revisado a reutilizar text.on_action; sem consolidação automática.
calendar.week_predicted_surface,calendar,component,color,tema.py:4770; tema.py:4782; tema.py:4912; tema.py:4924; tema.py:5054; tema.py:5066,Claro; Escuro; Futurista,normal/não específico,#F8FAFC,#172033,#0D1D2D,6,componente legitimamente específico; alias conceitual; necessário para preservar diferença visual real,Origem semântica conceitual: feedback.warning_surface. Os valores atuais divergem da origem conceitual em pelo menos um tema.
calendar.week_predicted_border,calendar,component,color,tema.py:4771; tema.py:4783; tema.py:4913; tema.py:4925; tema.py:5055; tema.py:5067,Claro; Escuro; Futurista,normal/não específico,#E2E8F0,#334155,#294B63,6,componente legitimamente específico; alias conceitual; necessário para preservar diferença visual real,Origem semântica conceitual: feedback.warning_border. Os valores atuais divergem da origem conceitual em pelo menos um tema.
calendar.week_predicted_text,calendar,component,color,tema.py:4795; tema.py:4937; tema.py:5079,Claro; Escuro; Futurista,normal/não específico,#0F172A,#F8FAFC,#E9F8FF,3,componente legitimamente específico; alias conceitual; necessário para preservar diferença visual real,Origem semântica conceitual: feedback.warning_text. Os valores atuais divergem da origem conceitual em pelo menos um tema.
calendar.weekend_text,calendar,component,color,—,Claro; Escuro; Futurista,normal/não específico,#475569,#CBD5E1,#B6D9E8,0,componente legitimamente específico; alias conceitual; necessário para preservar diferença visual real; token atualmente não consumido; token provisório,Origem semântica conceitual: text.secondary. Os valores atuais divergem da origem conceitual em pelo menos um tema. Nenhuma referência literal em código de produção fora de ui/design.
calendar.outside_month_text,calendar,component,color,—,Claro; Escuro; Futurista,normal/não específico,#94A3B8,#64748B,#55768B,0,componente legitimamente específico; alias conceitual; necessário para preservar diferença visual real; token atualmente não consumido; token provisório,Origem semântica conceitual: text.disabled. Os valores atuais divergem da origem conceitual em pelo menos um tema. Nenhuma referência literal em código de produção fora de ui/design.
calendar.border,calendar,component,color,tema.py:5223; tema.py:12241,Claro; Escuro; Futurista,normal/não específico,#DBE3ED,#334155,#334155,2,componente legitimamente específico; necessário para preservar diferença visual real,Sem ressalva específica nesta auditoria.
calendar.text,calendar,component,color,tema.py:5274; tema.py:5287; tema.py:5295; tema.py:12292; tema.py:12305; tema.py:12313,Claro; Escuro; Futurista,normal/não específico,#1F2937,#E5E7EB,#E5E7EB,6,componente legitimamente específico; necessário para preservar diferença visual real,Sem ressalva específica nesta auditoria.
calendar.title_text,calendar,component,color,tema.py:5229; tema.py:12247,Claro; Escuro; Futurista,normal/não específico,#111827,#F8FAFC,#F8FAFC,2,componente legitimamente específico; necessário para preservar diferença visual real,Sem ressalva específica nesta auditoria.
calendar.badge_surface,calendar,component,color,tema.py:5235; tema.py:12253,Claro; Escuro; Futurista,normal/não específico,#F1F5F9,#273449,#273449,2,componente legitimamente específico; necessário para preservar diferença visual real,Sem ressalva específica nesta auditoria.
calendar.badge_text,calendar,component,color,tema.py:5236; tema.py:12254,Claro; Escuro; Futurista,normal/não específico,#475569,#CBD5E1,#CBD5E1,2,componente legitimamente específico; necessário para preservar diferença visual real,Sem ressalva específica nesta auditoria.
calendar.badge_border,calendar,component,color,tema.py:5237; tema.py:12255,Claro; Escuro; Futurista,normal/não específico,#E2E8F0,#334155,#334155,2,componente legitimamente específico; necessário para preservar diferença visual real,Sem ressalva específica nesta auditoria.
calendar.legend_today,calendar,component,color,tema.py:5245; tema.py:12263,Claro; Escuro; Futurista,today,#2563EB,#93C5FD,#93C5FD,2,componente legitimamente específico; necessário para preservar diferença visual real,Sem ressalva específica nesta auditoria.
calendar.legend_late,calendar,component,color,tema.py:5251; tema.py:12269,Claro; Escuro; Futurista,late,#DC2626,#FCA5A5,#FCA5A5,2,componente legitimamente específico; necessário para preservar diferença visual real,Sem ressalva específica nesta auditoria.
calendar.legend_scheduled,calendar,component,color,tema.py:5257; tema.py:12275,Claro; Escuro; Futurista,scheduled,#16A34A,#86EFAC,#86EFAC,2,componente legitimamente específico; necessário para preservar diferença visual real,Sem ressalva específica nesta auditoria.
calendar.navigation_surface,calendar,component,color,tema.py:5268; tema.py:12286,Claro; Escuro; Futurista,normal/não específico,#F8FAFC,#172033,#172033,2,componente legitimamente específico; necessário para preservar diferença visual real,Sem ressalva específica nesta auditoria.
calendar.navigation_hover_surface,calendar,component,color,tema.py:5282; tema.py:12300,Claro; Escuro; Futurista,hover,#E2E8F0,#273449,#273449,2,componente legitimamente específico; necessário para preservar diferença visual real,Sem ressalva específica nesta auditoria.
calendar.input_surface,calendar,component,color,tema.py:5286; tema.py:12304,Claro; Escuro; Futurista,normal/não específico,#FFFFFF,#172033,#172033,2,componente legitimamente específico; necessário para preservar diferença visual real,Sem ressalva específica nesta auditoria.
calendar.input_border,calendar,component,color,tema.py:5288; tema.py:12306,Claro; Escuro; Futurista,normal/não específico,#CBD5E1,#475569,#475569,2,componente legitimamente específico; necessário para preservar diferença visual real,Sem ressalva específica nesta auditoria.
calendar.late_surface,calendar,component,color,main.py:50179,Claro; Escuro; Futurista,late,#FEE2E2,#4C1D24,#4B1D2C,1,componente legitimamente específico; necessário para preservar diferença visual real,Sem ressalva específica nesta auditoria.
calendar.late_text,calendar,component,color,main.py:50178,Claro; Escuro; Futurista,late,#B91C1C,#FCA5A5,#FF9BAC,1,componente legitimamente específico; necessário para preservar diferença visual real,Sem ressalva específica nesta auditoria.
calendar.scheduled_surface,calendar,component,color,main.py:50183,Claro; Escuro; Futurista,scheduled,#DCFCE7,#163523,#124334,1,componente legitimamente específico; necessário para preservar diferença visual real,Sem ressalva específica nesta auditoria.
calendar.scheduled_text,calendar,component,color,main.py:50182,Claro; Escuro; Futurista,scheduled,#15803D,#86EFAC,#74F1C5,1,componente legitimamente específico; necessário para preservar diferença visual real,Sem ressalva específica nesta auditoria.
calendar.forecast_toggle_surface,calendar,component,color,tema.py:4734; tema.py:4876; tema.py:5018,Claro; Escuro; Futurista,normal/não específico,#FFFFFF,#172033,#0D1D2D,3,componente legitimamente específico; necessário para preservar diferença visual real,Sem ressalva específica nesta auditoria.
calendar.forecast_toggle_text,calendar,component,color,tema.py:4735; tema.py:4877; tema.py:5019,Claro; Escuro; Futurista,normal/não específico,#64748B,#94A3B8,#84A9BD,3,componente legitimamente específico; necessário para preservar diferença visual real,Sem ressalva específica nesta auditoria.
calendar.forecast_toggle_border,calendar,component,color,tema.py:4736; tema.py:4878; tema.py:5020,Claro; Escuro; Futurista,normal/não específico,#D7E0EA,#334155,#294B63,3,componente legitimamente específico; necessário para preservar diferença visual real,Sem ressalva específica nesta auditoria.
calendar.forecast_toggle_hover_surface,calendar,component,color,tema.py:4741; tema.py:4883; tema.py:5025,Claro; Escuro; Futurista,hover,#F8FAFC,#273449,#123049,3,componente legitimamente específico; necessário para preservar diferença visual real,Sem ressalva específica nesta auditoria.
calendar.forecast_toggle_hover_text,calendar,component,color,tema.py:4742; tema.py:4884; tema.py:5026,Claro; Escuro; Futurista,hover,#334155,#E2E8F0,#D7F3FF,3,componente legitimamente específico; necessário para preservar diferença visual real,Sem ressalva específica nesta auditoria.
calendar.forecast_toggle_hover_border,calendar,component,color,tema.py:4743; tema.py:4885; tema.py:5027,Claro; Escuro; Futurista,hover,#CBD5E1,#475569,#39789A,3,componente legitimamente específico; necessário para preservar diferença visual real,Sem ressalva específica nesta auditoria.
calendar.forecast_toggle_checked_surface,calendar,component,color,tema.py:4746; tema.py:4888; tema.py:5030,Claro; Escuro; Futurista,checked,#E8F1FF,#172554,#143A55,3,componente legitimamente específico; necessário para preservar diferença visual real,Sem ressalva específica nesta auditoria.
calendar.forecast_toggle_checked_border,calendar,component,color,tema.py:4748; tema.py:4890; tema.py:5032,Claro; Escuro; Futurista,checked,#93C5FD,#1E40AF,#45BCE8,3,componente legitimamente específico; necessário para preservar diferença visual real,Sem ressalva específica nesta auditoria.
calendar.forecast_action_text,calendar,component,color,tema.py:4747; tema.py:4861; tema.py:4889; tema.py:5003; tema.py:5031; tema.py:5145,Claro; Escuro; Futurista,normal/não específico,#1D4ED8,#93C5FD,#BDF7FF,6,componente legitimamente específico; possível duplicação semântica; poderia reutilizar outro existente,Candidato revisado a reutilizar calendar.today_text; sem consolidação automática.
calendar.forecast_meta_text,calendar,component,color,tema.py:4755; tema.py:4897; tema.py:5039,Claro; Escuro; Futurista,normal/não específico,#64748B,#94A3B8,#7FA2B5,3,componente legitimamente específico; necessário para preservar diferença visual real,Sem ressalva específica nesta auditoria.
calendar.forecast_panel_surface,calendar,component,color,tema.py:4759; tema.py:4901; tema.py:5043,Claro; Escuro; Futurista,normal/não específico,#FFFFFF,#182235,#0B1A27,3,componente legitimamente específico; necessário para preservar diferença visual real,Sem ressalva específica nesta auditoria.
calendar.forecast_panel_border,calendar,component,color,tema.py:4760; tema.py:4813; tema.py:4902; tema.py:4955; tema.py:5044; tema.py:5097,Claro; Escuro; Futurista,normal/não específico,#DBE3ED,#334155,#294B63,6,componente legitimamente específico; necessário para preservar diferença visual real,Sem ressalva específica nesta auditoria.
calendar.forecast_title_text,calendar,component,color,tema.py:4764; tema.py:4906; tema.py:5048,Claro; Escuro; Futurista,normal/não específico,#111827,#F8FAFC,#E7F7FF,3,componente legitimamente específico; necessário para preservar diferença visual real,Sem ressalva específica nesta auditoria.
calendar.forecast_notice_text,calendar,component,color,tema.py:4769; tema.py:4911; tema.py:5053,Claro; Escuro; Futurista,normal/não específico,#475569,#CBD5E1,#9FC4D6,3,componente legitimamente específico; necessário para preservar diferença visual real,Sem ressalva específica nesta auditoria.
calendar.forecast_today_surface,calendar,component,color,tema.py:4787; tema.py:4929; tema.py:5071,Claro; Escuro; Futurista,today,#F0F7FF,#172554,#10304A,3,componente legitimamente específico; necessário para preservar diferença visual real,Sem ressalva específica nesta auditoria.
calendar.forecast_past_surface,calendar,component,color,tema.py:4791; tema.py:4933; tema.py:5075,Claro; Escuro; Futurista,past,#F8FAFC,#151E2E,#0B1824,3,componente legitimamente específico; necessário para preservar diferença visual real,Sem ressalva específica nesta auditoria.
calendar.forecast_past_border,calendar,component,color,tema.py:4792; tema.py:4934; tema.py:5076,Claro; Escuro; Futurista,past,#E2E8F0,#2B394B,#223D50,3,componente legitimamente específico; necessário para preservar diferença visual real,Sem ressalva específica nesta auditoria.
calendar.forecast_count_surface,calendar,component,color,tema.py:4804; tema.py:4946; tema.py:5088,Claro; Escuro; Futurista,normal/não específico,#E2E8F0,#273449,#153149,3,componente legitimamente específico; necessário para preservar diferença visual real,Sem ressalva específica nesta auditoria.
calendar.forecast_count_text,calendar,component,color,tema.py:4805; tema.py:4947; tema.py:5089,Claro; Escuro; Futurista,normal/não específico,#475569,#CBD5E1,#A8D9EE,3,componente legitimamente específico; possível duplicação semântica; poderia reutilizar outro existente; token excessivamente específico,Candidato revisado a reutilizar calendar.forecast_badge_text; sem consolidação automática.
calendar.forecast_badge_surface,calendar,component,color,tema.py:4841; tema.py:4983; tema.py:5125,Claro; Escuro; Futurista,normal/não específico,#F1F5F9,#273449,#153149,3,componente legitimamente específico; necessário para preservar diferença visual real,Sem ressalva específica nesta auditoria.
calendar.forecast_badge_text,calendar,component,color,tema.py:4842; tema.py:4984; tema.py:5126,Claro; Escuro; Futurista,normal/não específico,#475569,#CBD5E1,#A8D9EE,3,componente legitimamente específico; necessário para preservar diferença visual real,Sem ressalva específica nesta auditoria.
calendar.forecast_badge_border,calendar,component,color,tema.py:4843; tema.py:4985; tema.py:5127,Claro; Escuro; Futurista,normal/não específico,#E2E8F0,#3B4A61,#315B75,3,componente legitimamente específico; necessário para preservar diferença visual real,Sem ressalva específica nesta auditoria.
calendar.forecast_card_surface,calendar,component,color,tema.py:4812; tema.py:4954; tema.py:5096,Claro; Escuro; Futurista,normal/não específico,#FFFFFF,#1D293D,#102334,3,componente legitimamente específico; necessário para preservar diferença visual real,Sem ressalva específica nesta auditoria.
calendar.forecast_card_accent,calendar,component,color,tema.py:4814; tema.py:4956; tema.py:5098,Claro; Escuro; Futurista,normal/não específico,#64748B,#64748B,#5F8296,3,componente legitimamente específico; necessário para preservar diferença visual real,Sem ressalva específica nesta auditoria.
calendar.forecast_review,calendar,component,color,tema.py:4818; tema.py:4960; tema.py:5102,Claro; Escuro; Futurista,normal/não específico,#2563EB,#60A5FA,#4BC9F2,3,componente legitimamente específico; necessário para preservar diferença visual real,Sem ressalva específica nesta auditoria.
calendar.forecast_completed,calendar,component,color,tema.py:4821; tema.py:4963; tema.py:5105,Claro; Escuro; Futurista,completed,#16A34A,#4ADE80,#74F1C5,3,componente legitimamente específico; necessário para preservar diferença visual real,Sem ressalva específica nesta auditoria.
calendar.forecast_recommendation,calendar,component,color,tema.py:4824; tema.py:4966; tema.py:5108,Claro; Escuro; Futurista,normal/não específico,#7C3AED,#A78BFA,#8D7CFF,3,componente legitimamente específico; necessário para preservar diferença visual real,Sem ressalva específica nesta auditoria.
calendar.forecast_simulation,calendar,component,color,tema.py:4827; tema.py:4969; tema.py:5111,Claro; Escuro; Futurista,normal/não específico,#D97706,#F59E0B,#E7B14B,3,componente legitimamente específico; necessário para preservar diferença visual real,Sem ressalva específica nesta auditoria.
calendar.forecast_discipline_text,calendar,component,color,tema.py:4830; tema.py:4972; tema.py:5114,Claro; Escuro; Futurista,normal/não específico,#475569,#94A3B8,#82ABC0,3,componente legitimamente específico; necessário para preservar diferença visual real,Sem ressalva específica nesta auditoria.
calendar.forecast_card_text,calendar,component,color,tema.py:4835; tema.py:4977; tema.py:5119,Claro; Escuro; Futurista,normal/não específico,#111827,#F1F5F9,#E7F5FF,3,componente legitimamente específico; necessário para preservar diferença visual real,Sem ressalva específica nesta auditoria.
calendar.forecast_open_text,calendar,component,color,tema.py:4854; tema.py:4996; tema.py:5138,Claro; Escuro; Futurista,normal/não específico,#64748B,#94A3B8,#82ABC0,3,componente legitimamente específico; necessário para preservar diferença visual real,Sem ressalva específica nesta auditoria.
calendar.forecast_open_hover_surface,calendar,component,color,tema.py:4860; tema.py:5002; tema.py:5144,Claro; Escuro; Futurista,hover,#E8F1FF,#273449,#153149,3,componente legitimamente específico; possível duplicação semântica; poderia reutilizar outro existente; token excessivamente específico,Candidato revisado a reutilizar calendar.forecast_toggle_checked_surface; sem consolidação automática.
calendar.forecast_open_hover_border,calendar,component,color,tema.py:4862; tema.py:5004; tema.py:5146,Claro; Escuro; Futurista,hover,#BFDBFE,#475569,#39789A,3,componente legitimamente específico; necessário para preservar diferença visual real,Sem ressalva específica nesta auditoria.
calendar.forecast_empty_text,calendar,component,color,tema.py:4866; tema.py:5008; tema.py:5150,Claro; Escuro; Futurista,normal/não específico,#94A3B8,#64748B,#638397,3,componente legitimamente específico; necessário para preservar diferença visual real,Sem ressalva específica nesta auditoria.
chart.axis,chart,component,color,—,Claro; Escuro; Futurista,normal/não específico,#CBD5E1,#475569,#315D79,0,componente legitimamente específico; alias conceitual; necessário para preservar diferença visual real; token atualmente não consumido; token provisório,Origem semântica conceitual: border.strong. Os valores atuais divergem da origem conceitual em pelo menos um tema. Nenhuma referência literal em código de produção fora de ui/design.
chart.grid,chart,component,color,—,Claro; Escuro; Futurista,normal/não específico,#E2E8F0,#273449,#2E5C78,0,componente legitimamente específico; alias conceitual; necessário para preservar diferença visual real; token atualmente não consumido; token provisório,Origem semântica conceitual: border.subtle. Os valores atuais divergem da origem conceitual em pelo menos um tema. Nenhuma referência literal em código de produção fora de ui/design.
chart.label,chart,component,color,—,Claro; Escuro; Futurista,normal/não específico,#475569,#CBD5E1,#B6D9E8,0,componente legitimamente específico; alias conceitual; necessário para preservar diferença visual real; token atualmente não consumido; token provisório,Origem semântica conceitual: text.secondary. Os valores atuais divergem da origem conceitual em pelo menos um tema. Nenhuma referência literal em código de produção fora de ui/design.
chart.series_1,chart,component,color,—,Claro; Escuro; Futurista,normal/não específico,#5965D8,#5965D8,#4447E8,0,componente legitimamente específico; alias conceitual; possível duplicação semântica; poderia reutilizar outro existente; token atualmente não consumido; token provisório,Origem semântica conceitual: action.primary. Valores atuais coincidem nos três temas; revisar antes de consolidar. Nenhuma referência literal em código de produção fora de ui/design.
chart.series_2,chart,component,color,—,Claro; Escuro; Futurista,normal/não específico,#28679E,#8FD8FF,#8FD8FF,0,componente legitimamente específico; alias conceitual; possível duplicação semântica; poderia reutilizar outro existente; token atualmente não consumido; token provisório,Origem semântica conceitual: feedback.info_icon. Valores atuais coincidem nos três temas; revisar antes de consolidar. Nenhuma referência literal em código de produção fora de ui/design.
chart.series_3,chart,component,color,—,Claro; Escuro; Futurista,normal/não específico,#4EAD80,#64B992,#64B992,0,componente legitimamente específico; alias conceitual; possível duplicação semântica; poderia reutilizar outro existente; token atualmente não consumido; token provisório,Origem semântica conceitual: feedback.success_icon. Valores atuais coincidem nos três temas; revisar antes de consolidar. Nenhuma referência literal em código de produção fora de ui/design.
chart.series_4,chart,component,color,—,Claro; Escuro; Futurista,normal/não específico,#9A6614,#F0DEB4,#F0DEB4,0,componente legitimamente específico; alias conceitual; possível duplicação semântica; poderia reutilizar outro existente; token atualmente não consumido; token provisório,Origem semântica conceitual: feedback.warning_icon. Valores atuais coincidem nos três temas; revisar antes de consolidar. Nenhuma referência literal em código de produção fora de ui/design.
chart.series_5,chart,component,color,—,Claro; Escuro; Futurista,normal/não específico,#D76676,#E18491,#E18491,0,componente legitimamente específico; alias conceitual; possível duplicação semântica; poderia reutilizar outro existente; token atualmente não consumido; token provisório,Origem semântica conceitual: feedback.danger_icon. Valores atuais coincidem nos três temas; revisar antes de consolidar. Nenhuma referência literal em código de produção fora de ui/design.
chart.series_6,chart,component,color,—,Claro; Escuro; Futurista,normal/não específico,#FFFFFF,#FFFFFF,#FFFFFF,0,componente legitimamente específico; alias conceitual; possível duplicação semântica; poderia reutilizar outro existente; token atualmente não consumido; token provisório,Origem semântica conceitual: icon.highlight. Valores atuais coincidem nos três temas; revisar antes de consolidar. Nenhuma referência literal em código de produção fora de ui/design.
chart.positive,chart,component,color,—,Claro; Escuro; Futurista,normal/não específico,#4EAD80,#64B992,#64B992,0,componente legitimamente específico; alias conceitual; possível duplicação semântica; poderia reutilizar outro existente; token atualmente não consumido; token provisório,Origem semântica conceitual: feedback.success_icon. Valores atuais coincidem nos três temas; revisar antes de consolidar. Nenhuma referência literal em código de produção fora de ui/design.
chart.negative,chart,component,color,—,Claro; Escuro; Futurista,normal/não específico,#D76676,#E18491,#E18491,0,componente legitimamente específico; alias conceitual; possível duplicação semântica; poderia reutilizar outro existente; token atualmente não consumido; token provisório,Origem semântica conceitual: feedback.danger_icon. Valores atuais coincidem nos três temas; revisar antes de consolidar. Nenhuma referência literal em código de produção fora de ui/design.
focus_mode.canvas,focus_mode,component,color,—,Claro; Escuro; Futurista,normal/não específico,#F5F7FA,#101722,#0B111D,0,componente legitimamente específico; alias conceitual; possível duplicação semântica; poderia reutilizar outro existente; token atualmente não consumido; token provisório,Origem semântica conceitual: canvas.app. Valores atuais coincidem nos três temas; revisar antes de consolidar. Nenhuma referência literal em código de produção fora de ui/design.
focus_mode.panel,focus_mode,component,color,—,Claro; Escuro; Futurista,normal/não específico,#F8FAFC,#172033,#101F30,0,componente legitimamente específico; alias conceitual; necessário para preservar diferença visual real; token atualmente não consumido; token provisório,Origem semântica conceitual: surface.secondary. Os valores atuais divergem da origem conceitual em pelo menos um tema. Nenhuma referência literal em código de produção fora de ui/design.
focus_mode.panel_active,focus_mode,component,color,—,Claro; Escuro; Futurista,normal/não específico,#F0F2FF,#1D2440,#10283C,0,componente legitimamente específico; alias conceitual; necessário para preservar diferença visual real; token atualmente não consumido; token provisório,Origem semântica conceitual: surface.selected. Os valores atuais divergem da origem conceitual em pelo menos um tema. Nenhuma referência literal em código de produção fora de ui/design.
focus_mode.text,focus_mode,component,color,—,Claro; Escuro; Futurista,normal/não específico,#1F2937,#F8FAFC,#EAF7FF,0,componente legitimamente específico; alias conceitual; necessário para preservar diferença visual real; token atualmente não consumido; token provisório,Origem semântica conceitual: text.primary. Os valores atuais divergem da origem conceitual em pelo menos um tema. Nenhuma referência literal em código de produção fora de ui/design.
focus_mode.timer,focus_mode,component,color,—,Claro; Escuro; Futurista,normal/não específico,#FFFFFF,#FFFFFF,#8FD8FF,0,componente legitimamente específico; alias conceitual; necessário para preservar diferença visual real; token atualmente não consumido; token provisório,Origem semântica conceitual: icon.highlight. Os valores atuais divergem da origem conceitual em pelo menos um tema. Nenhuma referência literal em código de produção fora de ui/design.
focus_mode.border,focus_mode,component,color,—,Claro; Escuro; Futurista,normal/não específico,#7882E8,#7882E8,#3F7599,0,componente legitimamente específico; alias conceitual; necessário para preservar diferença visual real; token atualmente não consumido; token provisório,Origem semântica conceitual: border.active. Os valores atuais divergem da origem conceitual em pelo menos um tema. Nenhuma referência literal em código de produção fora de ui/design.
focus_mode.action,focus_mode,component,color,—,Claro; Escuro; Futurista,normal/não específico,#5965D8,#5965D8,#D62B3D,0,componente legitimamente específico; alias conceitual; necessário para preservar diferença visual real; token atualmente não consumido; token provisório,Origem semântica conceitual: action.primary. Os valores atuais divergem da origem conceitual em pelo menos um tema. Nenhuma referência literal em código de produção fora de ui/design.
focus_mode.danger,focus_mode,component,color,—,Claro; Escuro; Futurista,danger,#D76676,#D76676,#D96777,0,componente legitimamente específico; alias conceitual; possível duplicação semântica; poderia reutilizar outro existente; token atualmente não consumido; token provisório,Origem semântica conceitual: action.destructive. Valores atuais coincidem nos três temas; revisar antes de consolidar. Nenhuma referência literal em código de produção fora de ui/design.
system_status.canvas,system_status,component,color,main.py:32859; startup_splash.py:460; tarefas_pesadas.py:213,Claro; Escuro; Futurista,normal/não específico,#071522,#071522,#071522,3,componente legitimamente específico; necessário para preservar diferença visual real,Papel visual fixo e deliberadamente independente do tema.
system_status.border,system_status,component,color,main.py:32860; startup_splash.py:461; tarefas_pesadas.py:214,Claro; Escuro; Futurista,normal/não específico,#214A64,#214A64,#214A64,3,componente legitimamente específico; necessário para preservar diferença visual real,Papel visual fixo e deliberadamente independente do tema.
system_status.surface,system_status,component,color,main.py:32875; startup_splash.py:476; tarefas_pesadas.py:223,Claro; Escuro; Futurista,normal/não específico,#081927,#081927,#081927,3,componente legitimamente específico; necessário para preservar diferença visual real,Papel visual fixo e deliberadamente independente do tema.
system_status.surface_border,system_status,component,color,main.py:32876; startup_splash.py:477; tarefas_pesadas.py:224,Claro; Escuro; Futurista,normal/não específico,#15364C,#15364C,#15364C,3,componente legitimamente específico; necessário para preservar diferença visual real,Papel visual fixo e deliberadamente independente do tema.
system_status.text_primary,system_status,component,color,main.py:32867; startup_splash.py:468; tarefas_pesadas.py:219,Claro; Escuro; Futurista,normal/não específico,#F5F8FF,#F5F8FF,#F5F8FF,3,componente legitimamente específico; necessário para preservar diferença visual real,Papel visual fixo e deliberadamente independente do tema.
system_status.text_status,system_status,component,color,main.py:32879; startup_splash.py:480; tarefas_pesadas.py:225,Claro; Escuro; Futurista,normal/não específico,#EAF4FF,#EAF4FF,#EAF4FF,3,componente legitimamente específico; necessário para preservar diferença visual real,Papel visual fixo e deliberadamente independente do tema.
system_status.text_secondary,system_status,component,color,main.py:32887; startup_splash.py:488; tarefas_pesadas.py:221,Claro; Escuro; Futurista,normal/não específico,#8FAAC0,#8FAAC0,#8FAAC0,3,componente legitimamente específico; necessário para preservar diferença visual real,Papel visual fixo e deliberadamente independente do tema.
system_status.text_accent,system_status,component,color,main.py:32883; startup_splash.py:484; tarefas_pesadas.py:227,Claro; Escuro; Futurista,normal/não específico,#67B7FF,#67B7FF,#67B7FF,3,componente legitimamente específico; necessário para preservar diferença visual real,Papel visual fixo e deliberadamente independente do tema.
system_status.progress_track,system_status,component,color,main.py:32896; startup_splash.py:287; tarefas_pesadas.py:230,Claro; Escuro; Futurista,normal/não específico,#081A28,#081A28,#081A28,3,componente legitimamente específico; necessário para preservar diferença visual real,Papel visual fixo e deliberadamente independente do tema.
system_status.progress_border,system_status,component,color,main.py:32895; startup_splash.py:288; tarefas_pesadas.py:229,Claro; Escuro; Futurista,normal/não específico,#315B76,#315B76,#315B76,3,componente legitimamente específico; necessário para preservar diferença visual real,Papel visual fixo e deliberadamente independente do tema.
system_status.progress_fill,system_status,component,color,main.py:32899; tarefas_pesadas.py:232,Claro; Escuro; Futurista,normal/não específico,#3A8DF1,#3A8DF1,#3A8DF1,2,componente legitimamente específico; necessário para preservar diferença visual real,Papel visual fixo e deliberadamente independente do tema.
startup.logo_surface,startup,component,color,main.py:32863; startup_splash.py:464,Claro; Escuro; Futurista,normal/não específico,#091927,#091927,#091927,2,componente legitimamente específico; necessário para preservar diferença visual real,Papel visual fixo e deliberadamente independente do tema.
startup.logo_border,startup,component,color,main.py:32864; startup_splash.py:465,Claro; Escuro; Futurista,normal/não específico,#1D4058,#1D4058,#1D4058,2,componente legitimamente específico; necessário para preservar diferença visual real,Papel visual fixo e deliberadamente independente do tema.
startup.subtitle_text,startup,component,color,main.py:32871; startup_splash.py:472,Claro; Escuro; Futurista,normal/não específico,#9FB9D0,#9FB9D0,#9FB9D0,2,componente legitimamente específico; necessário para preservar diferença visual real,Papel visual fixo e deliberadamente independente do tema.
startup.footer_text,startup,component,color,main.py:32891; startup_splash.py:492,Claro; Escuro; Futurista,normal/não específico,#4E718A,#4E718A,#4E718A,2,componente legitimamente específico; necessário para preservar diferença visual real,Papel visual fixo e deliberadamente independente do tema.
startup.logo_fallback,startup,component,color,main.py:32786; startup_splash.py:393,Claro; Escuro; Futurista,normal/não específico,#6DC1FF,#6DC1FF,#6DC1FF,2,componente legitimamente específico; necessário para preservar diferença visual real,Papel visual fixo e deliberadamente independente do tema.
startup.progress_pulse,startup,component,color,startup_splash.py:322,Claro; Escuro; Futurista,normal/não específico,#6FC3FF,#6FC3FF,#6FC3FF,1,componente legitimamente específico; necessário para preservar diferença visual real,Papel visual fixo e deliberadamente independente do tema.
task_indicator.mark_surface,task_indicator,component,color,tarefas_pesadas.py:215,Claro; Escuro; Futurista,normal/não específico,#0A2233,#0A2233,#0A2233,1,componente legitimamente específico; necessário para preservar diferença visual real,Papel visual fixo e deliberadamente independente do tema.
task_indicator.mark_border,task_indicator,component,color,tarefas_pesadas.py:216,Claro; Escuro; Futurista,normal/não específico,#286483,#286483,#286483,1,componente legitimamente específico; necessário para preservar diferença visual real,Papel visual fixo e deliberadamente independente do tema.
task_indicator.mark_text,task_indicator,component,color,tarefas_pesadas.py:217,Claro; Escuro; Futurista,normal/não específico,#74C7FF,#74C7FF,#74C7FF,1,componente legitimamente específico; necessário para preservar diferença visual real,Papel visual fixo e deliberadamente independente do tema.
answer.selected_gradient,answer,component,gradient,—,Claro; Escuro; Futurista,selected,"(0,0)->(1,0); 0:#F0F2FF | 1:#F0F2FF","(0,0)->(1,0); 0:#1D2440 | 1:#1D2440","(0,0)->(1,0); 0:#1B213A | 1:#18243A",0,componente legitimamente específico; token atualmente não consumido; token provisório; necessário para preservar diferença visual real,Nenhuma referência literal em código de produção fora de ui/design. Mantém a possibilidade de gradiente real no tema Futurista.
answer.correct_gradient,answer,component,gradient,—,Claro; Escuro; Futurista,correct,"(0,0)->(1,0); 0:#EEF9F4 | 1:#EEF9F4","(0,0)->(1,0); 0:#173127 | 1:#173127","(0,0)->(1,0); 0:#153127 | 1:#12271F",0,componente legitimamente específico; token atualmente não consumido; token provisório; necessário para preservar diferença visual real,Nenhuma referência literal em código de produção fora de ui/design. Mantém a possibilidade de gradiente real no tema Futurista.
answer.incorrect_gradient,answer,component,gradient,—,Claro; Escuro; Futurista,incorrect; correct,"(0,0)->(1,0); 0:#FFF1F3 | 1:#FFF1F3","(0,0)->(1,0); 0:#351D24 | 1:#351D24","(0,0)->(1,0); 0:#351C24 | 1:#2A171D",0,componente legitimamente específico; token atualmente não consumido; token provisório; necessário para preservar diferença visual real,Nenhuma referência literal em código de produção fora de ui/design. Mantém a possibilidade de gradiente real no tema Futurista.
progress.fill_gradient,progress,component,gradient,—,Claro; Escuro; Futurista,normal/não específico,"(0,0)->(1,0); 0:#4B50DF | 1:#586DE3","(0,0)->(1,0); 0:#4B50DF | 1:#586DE3","(0,0)->(1,0); 0:#4447E8 | 0.52:#4347E1 | 1:#3C42D2",0,componente legitimamente específico; possível duplicação semântica; poderia reutilizar outro existente; token excessivamente específico; token atualmente não consumido; token provisório,Candidato revisado a reutilizar gradient.progress; sem consolidação automática. Nenhuma referência literal em código de produção fora de ui/design.
focus_mode.action_gradient,focus_mode,component,gradient,—,Claro; Escuro; Futurista,normal/não específico,"(0,0)->(1,0); 0:#4B50DF | 1:#586DE3","(0,0)->(1,0); 0:#4B50DF | 1:#586DE3","(0,0)->(1,0); 0:#B51F31 | 0.52:#D62B3D | 1:#F04458",0,componente legitimamente específico; token atualmente não consumido; token provisório; necessário para preservar diferença visual real,Nenhuma referência literal em código de produção fora de ui/design.
focus_mode.action_hover_gradient,focus_mode,component,gradient,—,Claro; Escuro; Futurista,hover,"(0,0)->(1,0); 0:#595EE8 | 1:#6579EC","(0,0)->(1,0); 0:#595EE8 | 1:#6579EC","(0,0)->(1,0); 0:#CE293B | 0.52:#E83B4C | 1:#FF596B",0,componente legitimamente específico; token atualmente não consumido; token provisório; necessário para preservar diferença visual real,Nenhuma referência literal em código de produção fora de ui/design.
startup.progress_gradient,startup,component,gradient,startup_splash.py:301,Claro; Escuro; Futurista,normal/não específico,"(0,0)->(1,0); 0:#2E74D8 | 0.55:#3A8DF1 | 1:#4CA8FF","(0,0)->(1,0); 0:#2E74D8 | 0.55:#3A8DF1 | 1:#4CA8FF","(0,0)->(1,0); 0:#2E74D8 | 0.55:#3A8DF1 | 1:#4CA8FF",1,componente legitimamente específico; necessário para preservar diferença visual real,Papel visual fixo e deliberadamente independente do tema.
startup.shimmer_gradient,startup,component,gradient,startup_splash.py:312,Claro; Escuro; Futurista,normal/não específico,"(0,0)->(1,0); 0:#007DD7FF | 0.5:#96AFE8FF | 1:#007DD7FF","(0,0)->(1,0); 0:#007DD7FF | 0.5:#96AFE8FF | 1:#007DD7FF","(0,0)->(1,0); 0:#007DD7FF | 0.5:#96AFE8FF | 1:#007DD7FF",1,componente legitimamente específico; necessário para preservar diferença visual real,Papel visual fixo e deliberadamente independente do tema.
